"Feature","Med_Core","Med_Div","p_val","cliffs_delta","Pct_Diff","p_adj","Fold_Change","sig_stars","effect_size"
"SA_Biomass_reactions_FBA",1000,1000,7.37018226886874e-104,-0.41025641025641,0,6.09268400893149e-102,1,"***","Mediano"
"SA_Biomass_reactions_L1w",990,990,7.37018226886874e-104,-0.41025641025641,0,6.09268400893149e-102,1,"***","Mediano"
"SA_Biomass_reactions_pFBA",990,990,7.37018226886874e-104,-0.41025641025641,0,6.09268400893149e-102,1,"***","Mediano"
"GlnDependence_pFBA",1,1,6.44939972920204e-67,-0.348394134044358,0,3.99862783210526e-65,1,"***","Mediano"
"LipidPL_pFBA",6.9894,6.9894,3.23797941156012e-64,-0.407116692830979,0,1.60603778813382e-62,1,"***","Mediano"
"SA_Drug_metabolism_L1w",15.80648572,0.336114311,2.91217764777478e-08,-0.521830136736969,-97.8735671106531,1.20370009441358e-06,0.0212643288934689,"***","Grande"
"CU_L1w",9467.507058,9104.835077,1.1476025533408e-07,-0.498782790708257,-3.83070198710381,4.06579190326455e-06,0.961692980128962,"***","Grande"
"SA_Oxidative_phosphorylation_L1w",4.571532333,2.829374657,3.76229719091494e-07,-0.477987850658658,-38.1088341741364,1.03672189260767e-05,0.618911658258636,"***","Grande"
"SA_Purine_catabolism_pFBA",4.20354,2.210484375,3.4148787822599e-07,-0.479239187313721,-47.4137423457372,1.03672189260767e-05,0.525862576542628,"***","Grande"
"CU_pFBA",10200.42112,9990.627345,1.21105344688884e-06,-0.456646872795941,-2.05671680151182,2.65767034805135e-05,0.979432831984882,"***","Mediano"
"ATPConsumption_L1w",103.9982343,82.66459588,1.47508471729708e-06,-0.452961117557391,-20.5134621405779,2.65767034805135e-05,0.794865378594221,"***","Mediano"
"ATPProduction_L1w",103.9982343,82.66459588,1.47508471729708e-06,-0.452961117557391,-20.5134621405779,2.65767034805135e-05,0.794865378594221,"***","Mediano"
"SA_Inositol_phosphate_metabolism_L1w",0.058775414,6.13e-05,1.27505022491767e-06,-0.455691306622984,-99.8957046904,2.65767034805135e-05,0.00104295309600031,"***","Mediano"
"SA_Purine_catabolism_L1w",4.241233462,2.752677625,1.50029777712576e-06,-0.452642595499738,-35.0972388183049,2.65767034805135e-05,0.649027611816951,"***","Mediano"
"SA_Transport__mitochondrial_L1w",3.753616265,1.010707014,1.66451115674808e-06,-0.45068596000273,-73.0737789202328,2.75199177915683e-05,0.269262210797672,"***","Mediano"
"SA_Miscellaneous_L1w",1.258206575,0.259309865,2.05116148680884e-06,-0.446727185857621,-79.390517411658,2.82604471515885e-05,0.206094825883421,"***","Mediano"
"SA_Sphingolipid_metabolism_L1w",1.996998978,1.002969647,2.03571579937529e-06,-0.44679544058426,-49.7761562199457,2.82604471515885e-05,0.502238437800543,"***","Mediano"
"SA_Sphingolipid_metabolism_pFBA",1.74735,0.93192,1.8765195890532e-06,-0.446681682706527,-46.6666666666667,2.82604471515885e-05,0.533333333333333,"***","Mediano"
"SA_Dietary_fiber_binding_L1w",0.048915354,0.002502665,2.56972129143692e-06,-0.441744590812914,-94.8836821256573,3.35416252777029e-05,0.0511631787434269,"***","Mediano"
"SA_Phosphatidylinositol_phosphate_metabolism_L1w",2.836233751,1.86886679,3.15566082806594e-06,-0.438422860783109,-34.1074483250517,3.91301942680176e-05,0.658925516749483,"***","Mediano"
"SA_ROS_detoxification_L1w",5.857158162,0.147698602,3.46828567315447e-06,-0.436625486314927,-97.4783231404226,4.0958802235348e-05,0.0252167685957735,"***","Mediano"
"SA_Glycine__serine__alanine__and_threonine_metabolism_L1w",3.881474652,0.552819423,5.70742540224826e-06,-0.426842308829886,-85.757489805707,6.43382499889803e-05,0.14242510194293,"***","Mediano"
"SA_Phosphatidylinositol_phosphate_metabolism_pFBA",3.57885,2.3859,6.15729480481035e-06,-0.412599822537711,-33.3333333333333,6.6391700504042e-05,0.666666666666667,"***","Mediano"
"SA_Starch_and_sucrose_metabolism_L1w",0.000183928,2.44e-05,8.23095862428534e-06,-0.419516301503879,-86.7339393675786,8.50532391176152e-05,0.132660606324214,"***","Mediano"
"SA_Glycolysis_gluconeogenesis_L1w",1.130869723,0.450415181,9.21190779130145e-06,-0.417241143949218,-60.1709045843824,9.13821252897104e-05,0.398290954156176,"***","Mediano"
"SA_Folate_metabolism_L1w",1.198372999,0.431653217,1.14411823949086e-05,-0.412827338293177,-63.980061520061,0.000109131278228359,0.36019938479939,"***","Mediano"
"ATPConsumption_pFBA",73.52403333,57.2022,1.51265285179295e-05,-0.407071189679885,-22.1993171358571,0.000133861048016092,0.778006828641429,"***","Mediano"
"ATPProduction_pFBA",73.52403333,57.2022,1.51265285179295e-05,-0.407071189679885,-22.1993171358571,0.000133861048016092,0.778006828641429,"***","Mediano"
"SA_Fatty_acid_oxidation_L1w",0.195985605,0.00052579,1.56531064212366e-05,-0.40636589083794,-99.7317200924017,0.000133861048016092,0.00268279907598316,"***","Mediano"
"SA_Oxidative_phosphorylation_pFBA",0.762464075,0.6670375,1.78943579120074e-05,-0.403453689167975,-12.5155503228136,0.000147926692072594,0.874844496771864,"***","Mediano"
"SA_Citric_acid_cycle_L1w",2.08631299,0.834256576,2.45732177359459e-05,-0.396901235410552,-60.012875345228,0.000196585741887567,0.39987124654772,"***","Mediano"
"SA_Pentose_phosphate_pathway_L1w",1.349059686,0.212291621,2.60361924269597e-05,-0.395672650331035,-84.2637339768524,0.000201780491308938,0.157362660231476,"***","Mediano"
"MFI_pFBA",1,1,2.98270535950137e-05,-0.204604918890633,0,0.000218568929538242,1,"***","Pequeño"
"LipidPL_L1w",6.9894,6.9894,3.0412978149146e-05,-0.364502991832184,0,0.000218568929538242,1,"***","Mediano"
"SA_Heme_synthesis_L1w",0.791938985,7.78e-05,3.08464215074131e-05,-0.392032398243578,-99.9901760108451,0.000218568929538242,9.82398915492208e-05,"***","Mediano"
"SA_Phosphatidylinositol_phosphate_metabolism_FBA",3.615,2.41,3.18182110565545e-05,-0.382931768024936,-33.3333333333333,0.00021919212061182,0.666666666666667,"***","Mediano"
"SA_Glycerophospholipid_metabolism_pFBA",2.853321429,1.902214286,3.43266796240702e-05,-0.389324960753532,-33.3333333333333,0.000230081528291065,0.666666666666667,"***","Mediano"
"SA_Pyruvate_metabolism_L1w",2.00259203,0.652842048,4.37667877466876e-05,-0.384478875162105,-67.4001474978406,0.000281812331406258,0.325998525021594,"***","Mediano"
"SA_Vitamin_A_metabolism_L1w",2.645993242,0.24913599,4.4317261793726e-05,-0.384205856255546,-90.5844056573747,0.000281812331406258,0.0941559434262531,"***","Mediano"
"SA_Glycerophospholipid_metabolism_L1w",4.028916682,3.238548062,4.94732764921986e-05,-0.381794189247605,-19.6173979851986,0.000306734314251631,0.803826020148014,"***","Mediano"
"SA_Peptide_metabolism_L1w",7.560158004,2.086291493,8.56585448179983e-05,-0.369553841603531,-72.4041284336099,0.000518129734508868,0.275958715663901,"***","Mediano"
"NADPHdemand_L1w",0.006181694,0.002043267,9.79624563144974e-05,-0.366505130480286,-66.9464874838515,0.000564992771302217,0.330535125161485,"***","Mediano"
"SA_Eicosanoid_metabolism_L1w",2.171709516,0.012098486,9.75708139600287e-05,-0.366596136782472,-99.4429049598547,0.000564992771302217,0.00557095040145323,"***","Mediano"
"SA_Transport__endoplasmic_reticular_L1w",4.489028749,0.722556853,0.000118997117427352,-0.362045821673151,-83.9039379473575,0.000655806336044073,0.160960620526425,"***","Mediano"
"SA_Tryptophan_metabolism_L1w",1.08355964,0.00096265,0.000116924070695066,-0.362409846881897,-99.9111585588404,0.000655806336044073,0.000888414411596209,"***","Mediano"
"SA_Urea_cycle_L1w",2.431112228,0.442138701,0.000123539966364153,-0.36118126180238,-81.8133159009392,0.000666041557789348,0.181866840990609,"***","Mediano"
"SA_Pyrimidine_synthesis_L1w",3.916841267,2.126886801,0.000130149469081804,-0.35997542829841,-45.6989278856064,0.000686746134729518,0.543010721143936,"***","Mediano"
"SA_Bile_acid_synthesis_L1w",2.540491815,0.001069678,0.000148778890587427,-0.356858462448525,-99.9578948456482,0.000768690934701707,0.000421051543517766,"***","Mediano"
"SA_Purine_synthesis_L1w",1.511591508,2.91e-11,0.000168836196342708,-0.351671103223898,-99.9999999980749,0.00083742753385983,1.92512327874231e-11,"***","Mediano"
"SA_Pyrimidine_catabolism_L1w",0.441340763,0.002665127,0.000166878824261823,-0.354173776534025,-99.3961294257336,0.00083742753385983,0.00603870574266443,"***","Mediano"
"SA_Alanine_and_aspartate_metabolism_L1w",1.781585354,0.216657025,0.00019769656034718,-0.350169499237822,-87.8390881181436,0.000961347979727462,0.121609118818564,"***","Mediano"
"SA_Transport__peroxisomal_L1w",1.267609165,0.000173813,0.000221849091475601,-0.347325552294496,-99.986288123753,0.00105804951319133,0.000137118762469661,"**","Mediano"
"SA_Phenylalanine_metabolism_L1w",0.087352946,3.07e-09,0.000230363911441524,-0.346438240848179,-99.9999964855221,0.00107792924599053,3.51447792041267e-08,"**","Mediano"
"ATPConsumption_FBA",47277.57793,39452.74214,0.000270129666356834,-0.342684230882989,-16.5508389655358,0.00119404348564427,0.834491610344642,"**","Mediano"
"ATPProduction_FBA",47277.57793,39452.74214,0.000270129666356834,-0.342684230882989,-16.5508389655358,0.00119404348564427,0.834491610344642,"**","Mediano"
"LipidPL_FBA",7.06,7.06,0.000261611995553356,-0.305280640684367,0,0.00119404348564427,1,"**","Pequeño"
"SA_Valine__leucine__and_isoleucine_metabolism_L1w",0.757063963,0.001375422,0.000274437414039208,-0.342297454098696,-99.8183215597068,0.00119404348564427,0.00181678440293162,"**","Mediano"
"SA_Extracellular_exchange_L1w",31.53403018,28.59828733,0.000369620815227781,-0.335016949923782,-9.30976102084772,0.00158044762373258,0.906902389791523,"**","Mediano"
"SA_Glutamate_metabolism_L1w",1.860212418,1.112615736,0.000420269256239805,-0.331831729347257,-40.1887803116472,0.00176655551775376,0.598112196883528,"**","Mediano"
"SA_Transport__mitochondrial_pFBA",0.000429032,0.000252337,0.000461592539848613,-0.329488317065957,-41.1845736448563,0.00190791583137427,0.588154263551437,"**","Pequeño"
"EA_L1w",-25037.02924,-22725.17033,0.000523388750327445,0.326325848064978,9.23375887705757,0.00212787557510174,0.907662411229424,"**","Pequeño"
"NADPHdemand_FBA",22.46569657,30,0.00060223970889964,0.322594589675335,33.5369233111653,0.00240895883559856,1.33536923311165,"**","Pequeño"
"SA_Extracellular_exchange_pFBA",25.89027518,23.40533042,0.00061270377531021,-0.322321570768776,-9.59798512269039,0.00241191327423702,0.904020148773096,"**","Pequeño"
"SA_Urea_cycle_pFBA",0,0,0.000650872601265978,0.248219689213478,NA,0.00252213132990567,NA,"**","Pequeño"
"SA_Transport__extracellular_pFBA",4.014431036,3.547750806,0.000847093222507641,-0.313948990967625,-11.6250653159807,0.00323198644895223,0.883749346840193,"**","Pequeño"
"SA_Glyoxylate_and_dicarboxylate_metabolism_L1w",1.43147155,0.000253682,0.000914351747254588,-0.311878597592883,-99.9822782366859,0.00343574595938087,0.000177217633141225,"**","Pequeño"
"SA_Alanine_and_aspartate_metabolism_FBA",2638.170496,1459.433036,0.00111800129489236,-0.306531977339431,-44.6801092570478,0.00413827344975083,0.553198907429522,"**","Pequeño"
"SA_Fructose_and_mannose_metabolism_L1w",0.583445135,3.71e-05,0.00117160685196601,-0.305326143835461,-99.993641218724,0.00427291910717016,6.35878127598065e-05,"**","Pequeño"
"SA_Glycine__serine__alanine__and_threonine_metabolism_pFBA",0.000378788,0,0.00132099862649452,-0.287420653880281,-100,0.00474793709232813,0,"**","Pequeño"
"TCA_completeness_pFBA",0.25,0.4375,0.0015543042501814,0.297158328214229,75,0.0055066779149284,1.75,"**","Pequeño"
"SA_Nucleotide_salvage_pathway_L1w",2.522021891,0.000418235,0.00169605192427266,-0.295315450594954,-99.9834166784399,0.00592423770731859,0.000165833215600744,"**","Pequeño"
"EA_pFBA",-31936.30734,-31320.84608,0.00183987095212963,0.29306304461584,1.92715223287302,0.00620687874565758,0.98072847767127,"**","Pequeño"
"SA_Methionine_and_cysteine_metabolism_L1w",1.944078265,0.21093244,0.00185205252894621,-0.292881032011467,-89.1500026620585,0.00620687874565758,0.108499973379415,"**","Pequeño"
"SA_Nucleotide_metabolism_pFBA",0,0,0.00180901870762904,0.151275225809387,NA,0.00620687874565758,NA,"**","Pequeño"
"SA_Tyrosine_metabolism_L1w",1.115534735,0.101041184,0.00226925434607377,-0.287193138124815,-90.9423542961215,0.00750366770435059,0.0905764570387851,"**","Pequeño"
"CU_FBA",490191.0822,419661.5675,0.00260866258082395,-0.283234363979706,-14.3881676474938,0.00851247789532024,0.856118323525062,"**","Pequeño"
"SA_Nucleotide_interconversion_L1w",2.481919752,2.224787396,0.00337742591355325,-0.275771847200419,-10.3602203815331,0.0108779432020936,0.896397796184669,"*","Pequeño"
"SA_ROS_detoxification_pFBA",1.08e-05,0,0.00450717080080391,-0.26134734830387,-100,0.014330491776915,0,"*","Pequeño"
"GlnDependence_FBA",0.5,0.066205995,0.00493674140464782,-0.259823051751303,-86.758801,0.0151149613376872,0.13241199,"*","Pequeño"
"SA_Arginine_and_proline_metabolism_L1w",1.010451691,0.159267768,0.00492510513457483,-0.264555320455942,-84.2379631388038,0.0151149613376872,0.157620368611962,"*","Pequeño"
"SA_Heme_degradation_L1w",1.088797247,5.66e-05,0.00485191847700945,-0.264919345664687,-99.9948016033145,0.0151149613376872,5.19839668551256e-05,"*","Pequeño"
"Oncomet_AlphaKG_L1w",7.9608548935,0.410028064,0.00574942703603772,-0.294804318488529,-94.849446830958,0.0173885110358214,0.0515055316904201,"*","Pequeño"
"MFI_FBA",2,1,0.00643862311911271,-0.240393147225445,-50,0.0192382955848187,0.5,"*","Pequeño"
"SA_Aminosugar_metabolism_L1w",8.35e-12,0,0.00725363510567985,-0.250039815257207,-100,0.0206770288069954,0,"*","Pequeño"
"SA_Cholesterol_metabolism_L1w",0.413401863,0.002631182,0.00710883497147826,-0.253247787409278,-99.3635292349904,0.0206770288069954,0.00636470765009591,"*","Pequeño"
"SA_Pyrimidine_catabolism_pFBA",0.432214321,0,0.00711906104317402,-0.240506905103178,-100,0.0206770288069954,0,"*","Pequeño"
"SA_Pyrimidine_synthesis_pFBA",3.23895,0,0.0072226965799235,-0.251109139307897,-100,0.0206770288069954,0,"*","Pequeño"
"Oncomet_Succinate_L1w",5.185224754,0.001229676,0.00883472187706509,-0.306581306017926,-99.9762850009722,0.024897852562638,0.000237149990277933,"*","Pequeño"
"SA_Transport__extracellular_L1w",8.607433651,7.562181831,0.00940707618930751,-0.244329169795008,-12.1435942742186,0.0262129763477333,0.878564057257814,"*","Pequeño"
"SA_Folate_metabolism_pFBA",0.468888235,7.41e-05,0.010494770105966,-0.236184105749323,-99.9841966604259,0.0289189220697728,0.000158033395740885,"*","Pequeño"
"SA_Nucleotide_interconversion_pFBA",2.074303846,1.961429412,0.0106984886697367,-0.240142879894433,-5.44155737924616,0.0291563207702714,0.945584426207538,"*","Pequeño"
"NADPHdemand_pFBA",3.92e-07,1.79e-06,0.017740443923681,0.212772734511865,356.632653061225,0.047822066229053,4.56632653061224,"*","Pequeño"
"SA_Sphingolipid_metabolism_FBA",42.11087219,2.824,0.0183997748561266,-0.221691352126135,-93.2938933507281,0.0490660662830041,0.0670610664927194,"*","Pequeño"
"SA_Transport__mitochondrial_FBA",3992.126947,3774.492597,0.0196077126309799,-0.2195754556003,-5.45158891210982,0.0517309865157768,0.945484110878902,"ns","Pequeño"
"SA_Fatty_acid_synthesis_L1w",2.26e-11,5.27e-12,0.0203284806945908,-0.216526744477055,-76.6814159292035,0.0530680338132475,0.233185840707965,"ns","Pequeño"
"SA_Heme_synthesis_pFBA",0,0,0.0225581044962346,-0.133984028393966,NA,0.0582751032819395,NA,"ns","Negligible"
"SA_Nucleotide_metabolism_L1w",0,0,0.0257290235107636,0.121015630332401,NA,0.065110181945606,NA,"ns","Negligible"
"SA_Transport__lysosomal_L1w",1.79e-05,9.17e-12,0.0256446828399391,-0.208722954064569,-99.9999487709497,0.065110181945606,5.12290502793296e-07,"ns","Pequeño"
"SA_Heme_degradation_pFBA",0,0,0.0271273341276424,-0.127613587240916,NA,0.0679553420571244,NA,"ns","Negligible"
"SA_Arachidonic_acid_metabolism_L1w",0.000137128,2.81e-07,0.0317485649947474,-0.20066889632107,-99.7950819672131,0.0779568724623501,0.00204918032786885,"ns","Pequeño"
"SA_C5_branched_dibasic_acid_metabolism_L1w",0,0,0.0315419616985799,-0.184037494596501,NA,0.0779568724623501,NA,"ns","Pequeño"
"SA_Pyruvate_metabolism_FBA",714.5918143,404.5412798,0.0335476731891589,-0.199827088025846,-43.388481129429,0.081566891675602,0.56611518870571,"ns","Pequeño"
"SA_Glutamate_metabolism_FBA",3750,3149.856667,0.0374737047056951,-0.195754556003003,-16.0038222133333,0.0893603727597344,0.839961777866667,"ns","Pequeño"
"SA_Vitamin_C_metabolism_L1w",7.99e-12,0,0.0372144337078692,-0.188087275043797,-100,0.0893603727597344,0,"ns","Pequeño"
"SA_Citric_acid_cycle_pFBA",0.000306905,0.000404135,0.0436196017592557,0.18954337587878,31.6808132809827,0.103025345107575,1.31680813280983,"ns","Pequeño"
"SA_Triacylglycerol_synthesis_L1w",4.45e-12,1.46e-07,0.0442579042347571,0.18927035697222,3280798.87640449,0.103546794813394,32808.9887640449,"ns","Pequeño"
"SA_Extracellular_exchange_FBA",4470.586779,4274.278966,0.0480081132592357,-0.186039633244602,-4.3910972475052,0.11127114101206,0.956089027524948,"ns","Pequeño"
"SA_Lysine_metabolism_L1w",0,0,0.052431741864291,-0.159875321366005,NA,0.120398814651335,NA,"ns","Pequeño"
"SA_Arachidonic_acid_metabolism_FBA",0,0,0.0711186398540211,-0.130434782608696,NA,0.161811217282543,NA,"ns","Negligible"
"AnabolismScore_L1w",0.198862074,0.136305703,0.0780645668357729,-0.206783042394015,-31.4571651304411,0.174678665206641,0.685428348695589,"ns","Pequeño"
"Oncomet_Lactate_L1w",0,0,0.0781827896691016,-0.111459968602826,NA,0.174678665206641,NA,"ns","Negligible"
"SA_Purine_synthesis_pFBA",0,0,0.0838110802716488,-0.127613587240916,NA,0.183939362012114,NA,"ns","Negligible"
"SA_Valine__leucine__and_isoleucine_metabolism_pFBA",0,0,0.0830820563553924,0.0988328441744591,NA,0.183939362012114,NA,"ns","Negligible"
"SA_Triacylglycerol_synthesis_FBA",0,0,0.0925647209506033,-0.137100994243851,NA,0.201368866629383,NA,"ns","Negligible"
"LipidSat_L1w",4.55e-11,3.82e-11,0.0975648220317086,-0.259754224270353,-16.043956043956,0.210400659685772,0.83956043956044,"ns","Pequeño"
"SA_Glutathione_metabolism_L1w",0.000301132,1.16e-06,0.102543422693627,-0.153413873910768,-99.6147868708739,0.21923076575879,0.00385213129126097,"ns","Pequeño"
"SA_Galactose_metabolism_L1w",0.000106749,2.51e-05,0.105310013170578,-0.152390053011171,-76.4868991746995,0.223221224498319,0.235131008253005,"ns","Pequeño"
"SA_Transport__nuclear_L1w",0,0,0.111070178385443,-0.125702454895001,NA,0.233435629149066,NA,"ns","Negligible"
"SA_Pyrimidine_synthesis_FBA",1641.467365,983.5045577,0.112900943758518,-0.148181011535049,-40.0838189859474,0.235289361782458,0.599161810140526,"ns","Pequeño"
"SA_Arginine_and_proline_metabolism_FBA",0,0,0.12152737021024,-0.132277660227971,NA,0.251156565101163,NA,"ns","Negligible"
"SA_Tetrahydrobiopterin_metabolism_L1w",5.42e-12,0,0.123329173128553,-0.137601528905877,-100,0.252773842445298,0,"ns","Negligible"
"SA_Miscellaneous_FBA",3815.134701,4020.573996,0.124494828282958,0.144540759447592,5.38485036835401,0.253071454214537,1.05384850368354,"ns","Negligible"
"SA_Glycerophospholipid_metabolism_FBA",1350.03995,1264.794667,0.13182941384878,-0.141787818806452,-6.31427855153473,0.265802395402417,0.936857214484653,"ns","Negligible"
"RedoxIndex_L1w",-2.760781903,-0.00050858,0.136673648697093,0.140035947489364,99.9815784072097,0.273347297394187,0.000184215927903378,"ns","Negligible"
"SA_Drug_metabolism_pFBA",0,0,0.142454393532842,-0.0784019293336063,NA,0.280386425366229,NA,"ns","Negligible"
"SA_Histidine_metabolism_L1w",0.721684165,4.63e-05,0.142280108605644,-0.134279798876072,-99.9935844511705,0.280386425366229,6.41554882945229e-05,"ns","Negligible"
"SA_Lysine_metabolism_FBA",0,0,0.145712709809715,-0.102700612017382,NA,0.28454135458905,NA,"ns","Negligible"
"SA_ROS_detoxification_FBA",477.2164657,833.335,0.151578713270464,0.1337565126385,74.624108742273,0.293683756961524,1.74624108742273,"ns","Negligible"
"SA_Pentose_phosphate_pathway_pFBA",0,0,0.156153409866605,-0.0902555001933884,NA,0.300201904239675,NA,"ns","Negligible"
"SA_Taurine_and_hypotaurine_metabolism_L1w",0,0,0.16025761251415,-0.110140377221123,NA,0.303388457278696,NA,"ns","Negligible"
"SA_Vitamin_B2_metabolism_L1w",0,0,0.159577068883351,-0.103701681341433,NA,0.303388457278696,NA,"ns","Negligible"
"SA_C5_branched_dibasic_acid_metabolism_FBA",0,0,0.172018038295958,-0.0867290059836644,NA,0.323185405283314,NA,"ns","Negligible"
"MFI_L1w",3,2,0.179861394660524,-0.11732987509385,-33.3333333333333,0.333271736783313,0.666666666666667,"ns","Negligible"
"SA_Transport__peroxisomal_FBA",1428.571429,769.2307692,0.180074244874855,-0.125224671808523,-46.1538461721538,0.333271736783313,0.538461538278462,"ns","Negligible"
"SA_Miscellaneous_pFBA",6.54e-05,4.03e-05,0.189157524116025,-0.121766432325439,-38.3792048929664,0.347489377635365,0.616207951070336,"ns","Negligible"
"SA_Aminosugar_metabolism_FBA",0,0,0.193716685808009,-0.0765363001387846,NA,0.352285974940513,NA,"ns","Negligible"
"SA_Cytochrome_metabolism_L1w",0,0,0.194609590995364,-0.0806543353127204,NA,0.352285974940513,NA,"ns","Negligible"
"SA_Tryptophan_metabolism_pFBA",6.193825608,0.000128894,0.199244530971498,-0.114872704934817,-99.9979189921035,0.358062635369069,2.0810078965336e-05,"ns","Negligible"
"SA_Inositol_phosphate_metabolism_FBA",0,0,0.205494787360844,-0.0857734398107069,NA,0.36663818176611,NA,"ns","Negligible"
"TCA_completeness_FBA",0.647058824,0.666666667,0.216309353059759,0.116215047892067,3.03030300688705,0.380459003963265,1.03030303006887,"ns","Negligible"
"SA_Nucleotide_interconversion_FBA",4128.156714,3940.966491,0.215990043095349,-0.116419812071986,-4.53447472973042,0.380459003963265,0.954655252702696,"ns","Negligible"
"SA_D_alanine_metabolism_L1w",0,0,0.222499313929822,0.0972402338861966,NA,0.388076348374701,NA,"ns","Negligible"
"SA_Leukotriene_metabolism_FBA",0,0,0.223769829909606,-0.0702341137123746,NA,0.388076348374701,NA,"ns","Negligible"
"SA_D_alanine_metabolism_FBA",0,0,0.236320138368736,0.0578800081905672,NA,0.404188926313424,NA,"ns","Negligible"
"SA_Transport__extracellular_FBA",5978.564524,5901.771776,0.235434887253252,-0.111641981207199,-1.28446799715431,0.404188926313424,0.987155320028457,"ns","Negligible"
"WarburgIndex_L1w",0.583632502,-0.000603645,0.241794522821636,-0.110140377221123,-100.103428955367,0.410719463423053,-0.00103428955366848,"ns","Negligible"
"SA_Propanoate_metabolism_L1w",2.82e-11,3.65e-05,0.252460079702948,-0.105044024298683,129432524.113475,0.424077405306414,1294326.24113475,"ns","Negligible"
"SA_Transport__nuclear_FBA",0,0,0.253078451553828,-0.0490068937273906,NA,0.424077405306414,NA,"ns","Negligible"
"SA_Fatty_acid_oxidation_FBA",746.825342,511.759757,0.255289426305613,-0.106773144040225,-31.4753091225445,0.424911259891222,0.685246908774555,"ns","Negligible"
"GlnDependence_L1w",0.999970412,0.999948465,0.272764350577623,-0.099648527451218,-0.00219476493870722,0.450970392955004,0.999978052350613,"ns","Negligible"
"SA_Folate_metabolism_FBA",4145.466823,4443.143958,0.274974332662061,0.102723363592929,7.18078681388593,0.4516134735112,1.07180786813886,"ns","Negligible"
"SA_Vitamin_A_metabolism_FBA",2388.360304,1666.666667,0.287433954876003,-0.100061429253976,-30.2171174002229,0.468971189534531,0.697828825997771,"ns","Negligible"
"SA_Valine__leucine__and_isoleucine_metabolism_FBA",2410.553201,1918.1125,0.298351647165208,-0.0974905012172093,-20.4285348606168,0.483602669914847,0.795714651393832,"ns","Negligible"
"LipidUnsat_FBA",0,415.8048026,0.304696921503904,0.144871397582894,NA,0.490680756707585,NA,"ns","Negligible"
"SA_Purine_synthesis_FBA",0,0,0.313314126865956,-0.0721907492093827,NA,0.50130260298553,NA,"ns","Negligible"
"SA_Biotin_metabolism_L1w",0,0,0.318781885476403,-0.0481650854321662,NA,0.506781458962487,NA,"ns","Negligible"
"SA_Nucleotide_salvage_pathway_pFBA",0,0,0.327766954086713,-0.0617022728823971,NA,0.517746526200668,NA,"ns","Negligible"
"SA_Androgen_and_estrogen_synthesis_and_metabolism_FBA",0,0,0.359320495961737,-0.0352876936727868,NA,0.562894664994036,NA,"ns","Negligible"
"SA_CoA_synthesis_L1w",0,0,0.361452830625114,-0.0783109230314199,NA,0.562894664994036,NA,"ns","Negligible"
"SA_Transport__endoplasmic_reticular_pFBA",0,0,0.363157848383249,-0.0423179305166883,NA,0.562894664994036,NA,"ns","Negligible"
"SA_Peptide_metabolism_pFBA",0.256488158,3.09e-05,0.3683786721386,-0.082701977111915,-99.987952660177,0.56561743679366,0.000120473398229949,"ns","Negligible"
"SA_Urea_cycle_FBA",1111.111111,499.1145635,0.369475906292633,-0.0837713011626055,-55.079689280508,0.56561743679366,0.44920310719492,"ns","Negligible"
"SA_Beta_Alanine_metabolism_L1w",0,0,0.372205952402847,0.0531704320524196,NA,0.566301080956478,NA,"ns","Negligible"
"LipidSat_FBA",0,0,0.38201198756842,-0.111827956989247,NA,0.574175593436171,NA,"ns","Negligible"
"SA_Glycolysis_gluconeogenesis_pFBA",2.16e-05,1.07e-05,0.379772685250896,-0.0786294450890724,-50.462962962963,0.574175593436171,0.49537037037037,"ns","Negligible"
"SA_Glyoxylate_and_dicarboxylate_metabolism_pFBA",0,0,0.389500471972283,0.0350829294928674,NA,0.574238456761423,NA,"ns","Negligible"
"SA_Linoleate_metabolism_L1w",0,0,0.384993739746615,-0.0610879803426387,NA,0.574238456761423,NA,"ns","Negligible"
"SA_Transport__golgi_apparatus_FBA",0,0,0.388327597130095,0.0353786999749733,NA,0.574238456761423,NA,"ns","Negligible"
"SA_Vitamin_C_metabolism_FBA",0,0,0.391315722551131,-0.0400655245375742,NA,0.574238456761423,NA,"ns","Negligible"
"TCA_completeness_L1w",0.866666667,0.846153846,0.395037256044786,-0.079926284895229,-2.36686396062812,0.57445251730226,0.976331360393719,"ns","Negligible"
"Oncomet_AlphaKG_FBA",4972.467011,3613.544792,0.400726957634238,-0.0850202429149798,-27.3289338268875,0.57445251730226,0.726710661731125,"ns","Negligible"
"SA_Bile_acid_synthesis_FBA",535.7142857,5.3075,0.399798206338576,-0.076627306440971,-99.0092666666402,0.57445251730226,0.00990733333359753,"ns","Negligible"
"SA_Transport__golgi_apparatus_L1w",1.31e-05,1.24e-06,0.396961767927584,-0.0787432029668055,-90.5343511450382,0.57445251730226,0.0946564885496183,"ns","Negligible"
"Oncomet_Lactate_FBA",4018.279874,2952.376667,0.403632286085052,-0.0754214729370009,-26.5263555656452,0.575291993960304,0.734736444343548,"ns","Negligible"
"SA_Drug_metabolism_FBA",3103.448276,2500,0.410468463123849,-0.0774463631606489,-19.4444444480247,0.580294994018512,0.805555555519753,"ns","Negligible"
"SA_Exchange_demand_reaction_FBA",0,0,0.414162152989019,-0.0378358701340068,NA,0.580294994018512,NA,"ns","Negligible"
"SA_Methionine_and_cysteine_metabolism_pFBA",0,0,0.412015475516416,0.0588128227879781,NA,0.580294994018512,NA,"ns","Negligible"
"SA_Glycosphingolipid_metabolism_L1w",2.23e-12,0,0.423330927175883,-0.0725320228425819,-100,0.589809381683253,0,"ns","Negligible"
"SA_Butanoate_metabolism_L1w",0,0,0.432084160975747,-0.055172570700521,NA,0.598641742580923,NA,"ns","Negligible"
"SA_Methionine_and_cysteine_metabolism_FBA",1773.633753,1634.494155,0.437010112087444,-0.0728960480513276,-7.84488893294082,0.598776286175061,0.921551110670592,"ns","Negligible"
"SA_Steroid_metabolism_L1w",0.000612166,1.87e-06,0.435939819783495,-0.0725092712670352,-99.6945273014182,0.598776286175061,0.00305472698581757,"ns","Negligible"
"SA_Citric_acid_cycle_FBA",4456.907227,4299.617306,0.450376417377869,-0.0710304188565058,-3.52912710516242,0.613699733569844,0.964708728948376,"ns","Negligible"
"RedoxIndex_FBA",4089.103189,4360.220929,0.460599996813725,0.0694378085682433,6.63024940846021,0.624201088578163,1.0663024940846,"ns","Negligible"
"SA_Arginine_and_proline_metabolism_pFBA",0,0,0.46392448188871,0.0487793779719246,NA,0.625289519067392,NA,"ns","Negligible"
"SA_Taurine_and_hypotaurine_metabolism_FBA",0,0,0.475323913108968,-0.0253225035833731,NA,0.637190975410941,NA,"ns","Negligible"
"SA_Phenylalanine_metabolism_FBA",0,0,0.483311612621946,-0.0600641594430414,NA,0.644415483495929,NA,"ns","Negligible"
"SA_Squalene_and_cholesterol_synthesis_L1w",0,0,0.48973479220699,-0.0245034468636953,NA,0.649487852766489,NA,"ns","Negligible"
"SA_Dietary_fiber_binding_FBA",0,0,0.502274652265642,0.050144472504721,NA,0.662575073201485,NA,"ns","Negligible"
"AnabolismScore_FBA",1.476367895,2.075,0.508716868090194,0.0770074812967581,40.5476241407972,0.667522662890837,1.40547624140797,"ns","Negligible"
"RedoxIndex_pFBA",0,2.39e-13,0.516910703792706,0.0605874456806134,NA,0.671172013301524,NA,"ns","Negligible"
"SA_Fatty_acid_synthesis_pFBA",0,0,0.516463736826024,-0.0389279457602439,NA,0.671172013301524,NA,"ns","Negligible"
"SA_Tetrahydrobiopterin_metabolism_FBA",0,0,0.52743465448128,0.0231383523308989,NA,0.68126976203832,NA,"ns","Negligible"
"Oncomet_Succinate_FBA",10000,9526.673333,0.535901850688807,-0.0666325224071703,-4.73326666999999,0.688619994667483,0.9526673333,"ns","Negligible"
"LipidUnsat_L1w",0.02451974,0.0001091435,0.541238132792411,0.0959095134800124,-99.5548749701261,0.691892046043906,0.00445125029873889,"ns","Negligible"
"SA_Fructose_and_mannose_metabolism_FBA",0,0,0.547004734238511,-0.0511000386776784,NA,0.695677815852055,NA,"ns","Negligible"
"SA_Pyrimidine_catabolism_FBA",2727.272727,2779.598544,0.562764199426042,-0.0544672718585762,1.91861329019186,0.704876370998275,1.01918613290192,"ns","Negligible"
"SA_Steroid_metabolism_FBA",0,0,0.559656162546483,-0.0430687325097263,NA,0.704876370998275,NA,"ns","Negligible"
"SA_Transport__endoplasmic_reticular_FBA",1500,1665.704412,0.560177526233823,0.0546947876140423,11.0469608,0.704876370998275,1.110469608,"ns","Negligible"
"SA_Glutathione_metabolism_FBA",1250,1199.526927,0.570919710734729,0.0511000386776784,-4.03784584000001,0.711497930965894,0.9596215416,"ns","Negligible"
"SA_Bile_acid_synthesis_pFBA",0,0,0.576645459959727,-0.0382909016449389,NA,0.715040370350062,NA,"ns","Negligible"
"AnabolismScore_pFBA",0,0,0.590000239930629,0.0246384039900249,NA,0.720788470457123,NA,"ns","Negligible"
"SA_Androgen_and_estrogen_synthesis_and_metabolism_L1w",0,0,0.585241059654742,-0.0404295497463199,NA,0.720788470457123,NA,"ns","Negligible"
"SA_Cholesterol_metabolism_FBA",446.1708425,873.975852,0.58728907662035,0.0497121925693354,95.8836770020444,0.720788470457123,1.95883677002044,"ns","Negligible"
"SA_Propanoate_metabolism_FBA",0,0,0.598189494845593,-0.0358792346369986,NA,0.72721075843974,NA,"ns","Negligible"
"EA_FBA",-44624.05122,-70517.10502,0.607819964079639,-0.0483015948854458,-58.0248836492797,0.733358679454585,1.5802488364928,"ns","Negligible"
"SA_Glutamate_metabolism_pFBA",0,5.35e-05,0.609160838579212,0.044706845949082,NA,0.733358679454585,NA,"ns","Negligible"
"SA_Histidine_metabolism_FBA",0,0,0.619702463139552,-0.0430004777830865,NA,0.742445463085067,NA,"ns","Negligible"
"SA_Heme_degradation_FBA",0,0,0.62313445522801,-0.035742725183719,NA,0.74296800431032,NA,"ns","Negligible"
"SA_Peptide_metabolism_FBA",7890.462762,7718.936938,0.631359900616044,-0.0451618774600141,-2.17383731694494,0.745605977870376,0.978261626830551,"ns","Negligible"
"SA_Ubiquinone_synthesis_L1w",0,0,0.629104552559587,0.0218870156758355,NA,0.745605977870376,NA,"ns","Negligible"
"SA_Pentose_phosphate_pathway_FBA",1818.181818,1538.461538,0.646660331736066,-0.0430232293586331,-15.3846154015385,0.758873074871217,0.846153845984615,"ns","Negligible"
"SA_Transport__lysosomal_FBA",0,0,0.648714080131847,0.026778604418356,NA,0.758873074871217,NA,"ns","Negligible"
"SA_CoA_catabolism_L1w",0,0,0.653813357697319,-0.0187245466748572,NA,0.761247477506737,NA,"ns","Negligible"
"Oncomet_AlphaKG_pFBA",0,0,0.657223860327233,-0.0273954116059379,NA,0.761642604491373,NA,"ns","Negligible"
"SA_CoA_synthesis_FBA",0,0,0.660845371361242,-0.0181102541350989,NA,0.761692679160818,NA,"ns","Negligible"
"SA_Eicosanoid_metabolism_FBA",3032.575301,3144.375863,0.666250023684365,-0.0404067981707733,3.68665411088502,0.761692679160818,1.03686654110885,"ns","Negligible"
"SA_Fatty_acid_oxidation_pFBA",8.05e-06,9.76e-06,0.666481094265716,0.03915546151571,21.2422360248447,0.761692679160818,1.21242236024845,"ns","Negligible"
"SA_Cholesterol_metabolism_pFBA",0,0,0.681022343374698,0.0313744226787705,NA,0.771203384278196,NA,"ns","Negligible"
"SA_Transport__peroxisomal_pFBA",0,0,0.67809148943441,0.0187245466748572,NA,0.771203384278196,NA,"ns","Negligible"
"SA_Tyrosine_metabolism_pFBA",0,0,0.699488752781549,0.0237753964462039,NA,0.788514594044656,NA,"ns","Negligible"
"SA_NAD_metabolism_L1w",0.404536045,0.000222542,0.704395538942359,-0.0354924578527063,-99.944988338431,0.790452912478303,0.000550116615689957,"ns","Negligible"
"SA_Eicosanoid_metabolism_pFBA",0,0,0.733861197517797,-0.0157668418537984,NA,0.819808905335196,NA,"ns","Negligible"
"SA_Alanine_and_aspartate_metabolism_pFBA",0,0,0.74039201666529,-0.0188155529770437,NA,0.823002149342843,NA,"ns","Negligible"
"SA_Nucleotide_salvage_pathway_FBA",0,0,0.7433567800516,0.0215684936181831,NA,0.823002149342843,NA,"ns","Negligible"
"SA_Fatty_acid_synthesis_FBA",0,0,0.749195654640178,-0.0190203171569631,NA,0.82578009933673,NA,"ns","Negligible"
"SA_Glycolysis_gluconeogenesis_FBA",2795.771734,2659.971873,0.773876642235166,-0.0270516233249153,-4.85733006555964,0.845468754512428,0.951426699344404,"ns","Negligible"
"SA_NAD_metabolism_FBA",0,0,0.77126265893146,0.0204309148408527,NA,0.845468754512428,NA,"ns","Negligible"
"SA_Heme_synthesis_FBA",0,0,0.800062326556796,-0.0206356790207722,NA,0.866754078743988,NA,"ns","Negligible"
"SA_Tyrosine_metabolism_FBA",1640.757768,1428.573348,0.800349532388601,0.0237526448706573,-12.9320990665576,0.866754078743988,0.870679009334424,"ns","Negligible"
"SA_Tryptophan_metabolism_FBA",308.3071752,299.0569906,0.807728006700237,0.0220235251291152,-3.00031440851138,0.870941502876778,0.969996855914886,"ns","Negligible"
"SA_Hyaluronan_metabolism_L1w",0,0,0.830755962795542,0.0102609605715196,NA,0.888606614321233,NA,"ns","Negligible"
"SA_Purine_catabolism_FBA",2627.299306,2510.615,0.831277155332767,-0.020066889632107,-4.4412262330952,0.888606614321233,0.955587737669048,"ns","Negligible"
"SA_Glutathione_metabolism_pFBA",0,0,0.841567581692641,-0.00771278411029964,NA,0.895745752187876,NA,"ns","Negligible"
"WarburgIndex_pFBA",-0.00122291,-0.001169591,0.850740029272362,0.0175869678975269,4.36001013974863,0.901639005382674,0.956399898602514,"ns","Negligible"
"SA_Butanoate_metabolism_FBA",0,0,0.862235777468157,-0.00976042590949423,NA,0.908310845400242,NA,"ns","Negligible"
"SA_Glycine__serine__alanine__and_threonine_metabolism_FBA",1158.654479,1089.97822,0.864360320622811,-0.0160853639114509,-5.92724235263583,0.908310845400242,0.940727576473642,"ns","Negligible"
"SA_Galactose_metabolism_FBA",13.08666667,0,0.870949054196326,0.0143334925943622,-100,0.911372849960712,0,"ns","Negligible"
"SA_Limonene_and_pinene_degradation_L1w",0,0,0.877257415296665,-0.0115805519532228,NA,0.914116970561231,NA,"ns","Negligible"
"SA_Vitamin_D_metabolism_L1w",0,0,0.890203551335194,-0.00687097581507519,NA,0.923725860799699,NA,"ns","Negligible"
"SA_Oxidative_phosphorylation_FBA",1.901458333,5.564375,0.911521270039,0.010465724751439,192.637230247422,0.941905312373633,2.92637230247422,"ns","Negligible"
"SA_Exchange_demand_reaction_L1w",0,0,0.933264702514527,-0.00630218642641003,NA,0.948564123867224,NA,"ns","Negligible"
"SA_Glyoxylate_and_dicarboxylate_metabolism_FBA",0,0,0.932225079222348,-0.00625668327531682,NA,0.948564123867224,NA,"ns","Negligible"
"SA_N_glycan_synthesis_L1w",0,0,0.926862195155707,0.00393602256956294,NA,0.948564123867224,NA,"ns","Negligible"
"SA_Starch_and_sucrose_metabolism_FBA",2000,1666.666667,0.924516581163104,-0.00885036288762997,-16.66666665,0.948564123867224,0.8333333335,"ns","Negligible"
"WarburgIndex_FBA",15968.79796,17150.38944,0.940621911700146,0.00703023684390144,7.39937647755172,0.952139731027087,1.07399376477552,"ns","Negligible"
"SA_Leukotriene_metabolism_L1w",0,0,0.956218501891614,0.00439105408049507,NA,0.963770031451755,NA,"ns","Negligible"
"SA_Pyruvate_metabolism_pFBA",7.41e-05,4.58e-05,0.959883861970094,-0.00461856983596114,-38.191632928475,0.963770031451755,0.61808367071525,"ns","Negligible"
"SA_NAD_metabolism_pFBA",0,0,0.977681107568389,-0.00141059768388961,NA,0.977681107568389,NA,"ns","Negligible"
